{
    "name": "root",
    "gauges": {
        "MoveFish.Policy.Entropy.mean": {
            "value": 1.4179067611694336,
            "min": 1.4179067611694336,
            "max": 1.4199132919311523,
            "count": 3
        },
        "MoveFish.Policy.Entropy.sum": {
            "value": 70214.7421875,
            "min": 70214.7421875,
            "max": 71786.7265625,
            "count": 3
        },
        "MoveFish.Step.mean": {
            "value": 149976.0,
            "min": 49984.0,
            "max": 149976.0,
            "count": 3
        },
        "MoveFish.Step.sum": {
            "value": 149976.0,
            "min": 49984.0,
            "max": 149976.0,
            "count": 3
        },
        "MoveFish.Policy.ExtrinsicValueEstimate.mean": {
            "value": 26.701631546020508,
            "min": -5.106285095214844,
            "max": 26.701631546020508,
            "count": 3
        },
        "MoveFish.Policy.ExtrinsicValueEstimate.sum": {
            "value": 22349.265625,
            "min": -4243.32275390625,
            "max": 22349.265625,
            "count": 3
        },
        "MoveFish.Environment.EpisodeLength.mean": {
            "value": 599.0,
            "min": 599.0,
            "max": 599.0,
            "count": 3
        },
        "MoveFish.Environment.EpisodeLength.sum": {
            "value": 53910.0,
            "min": 47920.0,
            "max": 53910.0,
            "count": 3
        },
        "MoveFish.Environment.CumulativeReward.mean": {
            "value": 203.22260191266457,
            "min": 203.22260191266457,
            "max": 257.77186866551637,
            "count": 3
        },
        "MoveFish.Environment.CumulativeReward.sum": {
            "value": 18086.811570227146,
            "min": 17672.794450223446,
            "max": 20621.74949324131,
            "count": 3
        },
        "MoveFish.Policy.ExtrinsicReward.mean": {
            "value": 203.22260191266457,
            "min": 203.22260191266457,
            "max": 257.77186866551637,
            "count": 3
        },
        "MoveFish.Policy.ExtrinsicReward.sum": {
            "value": 18086.811570227146,
            "min": 17672.794450223446,
            "max": 20621.74949324131,
            "count": 3
        },
        "MoveFish.Losses.PolicyLoss.mean": {
            "value": 0.022708117396881188,
            "min": 0.02259207024394224,
            "max": 0.02727322664965565,
            "count": 3
        },
        "MoveFish.Losses.PolicyLoss.sum": {
            "value": 0.11354058698440593,
            "min": 0.1090929065986226,
            "max": 0.11354058698440593,
            "count": 3
        },
        "MoveFish.Losses.ValueLoss.mean": {
            "value": 164.21619639078773,
            "min": 147.3269212849935,
            "max": 166.7169085184733,
            "count": 3
        },
        "MoveFish.Losses.ValueLoss.sum": {
            "value": 821.0809819539387,
            "min": 666.8676340738932,
            "max": 821.0809819539387,
            "count": 3
        },
        "MoveFish.Policy.LearningRate.mean": {
            "value": 0.00022327682557440003,
            "min": 0.00022327682557440003,
            "max": 0.00028406400531199997,
            "count": 3
        },
        "MoveFish.Policy.LearningRate.sum": {
            "value": 0.001116384127872,
            "min": 0.001116384127872,
            "max": 0.0012764640745119998,
            "count": 3
        },
        "MoveFish.Policy.Epsilon.mean": {
            "value": 0.17442560000000001,
            "min": 0.17442560000000001,
            "max": 0.19468800000000003,
            "count": 3
        },
        "MoveFish.Policy.Epsilon.sum": {
            "value": 0.872128,
            "min": 0.7787520000000001,
            "max": 0.9254880000000001,
            "count": 3
        },
        "MoveFish.Policy.Beta.mean": {
            "value": 0.0037238374400000002,
            "min": 0.0037238374400000002,
            "max": 0.0047349312000000005,
            "count": 3
        },
        "MoveFish.Policy.Beta.sum": {
            "value": 0.0186191872,
            "min": 0.0186191872,
            "max": 0.021281851199999997,
            "count": 3
        },
        "MoveFish.IsTraining.mean": {
            "value": 1.0,
            "min": 1.0,
            "max": 1.0,
            "count": 3
        },
        "MoveFish.IsTraining.sum": {
            "value": 1.0,
            "min": 1.0,
            "max": 1.0,
            "count": 3
        }
    },
    "metadata": {
        "timer_format_version": "0.1.0",
        "start_time_seconds": "1718129503",
        "python_version": "3.7.9 (tags/v3.7.9:13c94747c7, Aug 17 2020, 18:58:18) [MSC v.1900 64 bit (AMD64)]",
        "command_line_arguments": "C:\\Users\\Roel\\Coding\\FishGame\\venv\\Scripts\\mlagents-learn --run-id=swim --force",
        "mlagents_version": "0.29.0",
        "mlagents_envs_version": "0.29.0",
        "communication_protocol_version": "1.5.0",
        "pytorch_version": "1.7.0+cu110",
        "numpy_version": "1.21.2",
        "end_time_seconds": "1718132386"
    },
    "total": 2883.4652109,
    "count": 1,
    "self": 0.03179879999970581,
    "children": {
        "run_training.setup": {
            "total": 0.1403365000000001,
            "count": 1,
            "self": 0.1403365000000001
        },
        "TrainerController.start_learning": {
            "total": 2883.2930756,
            "count": 1,
            "self": 0.41571619996966547,
            "children": {
                "TrainerController._reset_env": {
                    "total": 13.899313999999999,
                    "count": 1,
                    "self": 13.899313999999999
                },
                "TrainerController.advance": {
                    "total": 2866.569764000031,
                    "count": 19365,
                    "self": 0.36736360002578294,
                    "children": {
                        "env_step": {
                            "total": 2823.8679505000155,
                            "count": 19365,
                            "self": 2751.6924300000132,
                            "children": {
                                "SubprocessEnvManager._take_step": {
                                    "total": 71.93714489999579,
                                    "count": 19365,
                                    "self": 1.300114599985747,
                                    "children": {
                                        "TorchPolicy.evaluate": {
                                            "total": 70.63703030001004,
                                            "count": 19365,
                                            "self": 50.7264554999973,
                                            "children": {
                                                "TorchPolicy.sample_actions": {
                                                    "total": 19.910574800012743,
                                                    "count": 19365,
                                                    "self": 19.910574800012743
                                                }
                                            }
                                        }
                                    }
                                },
                                "workers": {
                                    "total": 0.2383756000065098,
                                    "count": 19364,
                                    "self": 0.0,
                                    "children": {
                                        "worker_root": {
                                            "total": 2763.250923899997,
                                            "count": 19364,
                                            "is_parallel": true,
                                            "self": 142.71929909999608,