{
    "name": "root",
    "metadata": {
        "timer_format_version": "0.1.0",
        "start_time_seconds": "1718701939",
        "python_version": "3.7.9 (tags/v3.7.9:13c94747c7, Aug 17 2020, 18:58:18) [MSC v.1900 64 bit (AMD64)]",
        "command_line_arguments": "C:\\Users\\Roel\\Coding\\FishGame\\venv\\Scripts\\mlagents-learn config/moveFish.yaml.txt --run-id=imitation2",
        "mlagents_version": "0.29.0",
        "mlagents_envs_version": "0.29.0",
        "communication_protocol_version": "1.5.0",
        "pytorch_version": "1.7.0+cu110",
        "numpy_version": "1.21.2",
        "end_time_seconds": "1718702364"
    },
    "total": 425.01837720000003,
    "count": 1,
    "self": 0.005222000000060234,
    "children": {
        "run_training.setup": {
            "total": 0.14204879999999953,
            "count": 1,
            "self": 0.14204879999999953
        },
        "TrainerController.start_learning": {
            "total": 424.8711064,
            "count": 1,
            "self": 0.060794599999780985,
            "children": {
                "TrainerController._reset_env": {
                    "total": 10.194505500000002,
                    "count": 1,
                    "self": 10.095413600000004,
                    "children": {
                        "demo_to_buffer": {
                            "total": 0.09909189999999768,
                            "count": 1,
                            "self": 3.2099999994983364e-05,
                            "children": {
                                "load_demonstration": {
                                    "total": 0.0021738000000013358,
                                    "count": 1,
                                    "self": 0.002112000000000336,
                                    "children": {
                                        "read_file": {
                                            "total": 6.180000000099994e-05,
                                            "count": 1,
                                            "self": 6.180000000099994e-05
                                        }
                                    }
                                },
                                "make_demo_buffer": {
                                    "total": 0.09688600000000136,
                                    "count": 1,
                                    "self": 0.020863800000029187,
                                    "children": {
                                        "steps_from_proto": {
                                            "total": 0.07602219999997217,
                                            "count": 1254,
                                            "self": 0.04870469999983129,
                                            "children": {
                                                "_process_rank_one_or_two_observation": {
                                                    "total": 0.027317500000140882,
                                                    "count": 2508,
                                                    "self": 0.027317500000140882
                                                }
                                            }
                                        }
                                    }
                                }
                            }
                        }
                    }
                },
                "TrainerController.advance": {
                    "total": 414.4739925000002,
                    "count": 3325,
                    "self": 0.058757199999661225,
                    "children": {
                        "env_step": {
                            "total": 400.2272547999993,
                            "count": 3325,
                            "self": 391.621537699999,
                            "children": {
                                "SubprocessEnvManager._take_step": {
                                    "total": 8.568268300000025,
                                    "count": 3325,
                                    "self": 0.1980815999998704,
                                    "children": {
                                        "TorchPolicy.evaluate": {
                                            "total": 8.370186700000154,
                                            "count": 3325,
                                            "self": 3.52697020000031,
                                            "children": {
                                                "TorchPolicy.sample_actions": {
                                                    "total": 4.843216499999844,
                                                    "count": 3325,
                                                    "self": 4.843216499999844
                                                }
                                            }
                                        }
                                    }
                                },
                                "workers": {
                                    "total": 0.0374488000002664,
                                    "count": 3324,
                                    "self": 0.0,
                                    "children": {
                                        "worker_root": {
                                            "total": 352.44704209999827,
                                            "count": 3324,
                                            "is_parallel": true,
                                            "self": 27.705348799998887,
                                            "children": {
                                                "steps_from_proto": {
                                                    "total": 0.00039450000000051944,
                                                    "count": 1,
                                                    "is_parallel": true,
                                                    "self": 0.00011219999999845243,
                                                    "children": {
                                                        "_process_rank_one_or_two_observation": {
                                                            "total": 0.000282300000002067,
                                                            "count": 2,
                                                            "is_parallel": true,
                                                            "self": 0.000282300000002067
                                                        }
                                                    }
                                                },
                                                "UnityEnvironment.step": {
                                                    "total": 324.74129879999936,
                                                    "count": 3324,
                                                    "is_parallel": true,
                                                    "self": 0.2544828999979245,
                                                    "children": {
                                                        "UnityEnvironment._generate_step_input": {
                                                            "total": 0.1909247000019345,
                                                            "count": 3324,
                                                            "is_parallel": true,
                                                            "self": 0.1909247000019345
                                                        },
                                                        "communicator.exchange": {
                                                            "total": 323.6601491999996,
                                                            "count": 3324,
                                                            "is_parallel": true,