{"count":1,"self":16.0411152,"total":65.2855343,"children":{"InitializeActuators":{"count":12,"self":0.0046369,"total":0.0046369,"children":null},"InitializeSensors":{"count":12,"self":0.0047827,"total":0.0047827,"children":null},"AgentSendState":{"count":2741,"self":0.0582636,"total":3.0112677,"children":{"CollectObservations":{"count":6588,"self":2.9021179999999998,"total":2.9021179999999998,"children":null},"WriteActionMask":{"count":6588,"self":0.0093990999999999988,"total":0.0093990999999999988,"children":null},"RequestDecision":{"count":6588,"self":0.041486999999999996,"total":0.041486999999999996,"children":null}}},"DecideAction":{"count":2741,"self":0.68293039999999994,"total":0.68293039999999994,"children":null},"AgentAct":{"count":2741,"self":45.5408,"total":45.5408007,"children":null}},"gauges":{},"metadata":{"timer_format_version":"0.1.0","start_time_seconds":"1718709574","unity_version":"2023.1.20f1","command_line_arguments":"C:\\Program Files\\Unity\\Hub\\Editor\\2023.1.20f1\\Editor\\Unity.exe","communication_protocol_version":"1.5.0","com.unity.ml-agents_version":"2.0.1","scene_name":"Beachside","end_time_seconds":"1718709640"}}