{"count":1,"self":48.181135999999995,"total":61.0287325,"children":{"InitializeActuators":{"count":22,"self":0.0037421999999999998,"total":0.0037421999999999998,"children":null},"InitializeSensors":{"count":22,"self":0.0045837,"total":0.0045837,"children":null},"AgentSendState":{"count":2605,"self":0.0446193,"total":0.82636809999999994,"children":{"CollectObservations":{"count":2453,"self":0.765435,"total":0.765435,"children":null},"WriteActionMask":{"count":2453,"self":0.0034392999999999997,"total":0.0034392999999999997,"children":null},"RequestDecision":{"count":2453,"self":0.012874499999999999,"total":0.012874499999999999,"children":null}}},"DecideAction":{"count":2605,"self":0.24594139999999998,"total":0.24594139999999998,"children":null},"AgentAct":{"count":2605,"self":11.766962399999999,"total":11.766962399999999,"children":null}},"gauges":{},"metadata":{"timer_format_version":"0.1.0","start_time_seconds":"1718035915","unity_version":"2023.1.20f1","command_line_arguments":"C:\\Program Files\\Unity\\Hub\\Editor\\2023.1.20f1\\Editor\\Unity.exe -projectpath C:\\Users\\Roel\\Coding\\FishGame -useHub -hubIPC -cloudEnvironment production -licensingIpc LicenseClient-Roel -hubSessionId 162169ea-ac86-4a82-acc0-6acce5a896e1 -accessToken fmXq8HXXQDdr5lXsAj5lVwoPwKTykSl4Io-q0QsYiQc008f","communication_protocol_version":"1.5.0","com.unity.ml-agents_version":"2.0.1","scene_name":"Beachside","end_time_seconds":"1718035976"}}