{"count":1,"self":68.3045696,"total":82.023707399999992,"children":{"InitializeActuators":{"count":11,"self":0.0031048,"total":0.0031048,"children":null},"InitializeSensors":{"count":11,"self":0.0050783999999999994,"total":0.0050783999999999994,"children":null},"AgentSendState":{"count":3264,"self":0.047004699999999996,"total":0.94344699999999992,"children":{"CollectObservations":{"count":1523,"self":0.8526182,"total":0.8526182,"children":null},"WriteActionMask":{"count":1523,"self":0.0074962,"total":0.0074962,"children":null},"RequestDecision":{"count":1523,"self":0.036327899999999996,"total":0.036327899999999996,"children":null}}},"DecideAction":{"count":3264,"self":0.6275603,"total":0.6275603,"children":null},"AgentAct":{"count":3264,"self":12.1399504,"total":12.1399502,"children":null}},"gauges":{"MoveFish.CumulativeReward":{"count":1,"max":202.521545,"min":202.521545,"runningAverage":202.521545,"value":202.521545,"weightedAverage":202.521545}},"metadata":{"timer_format_version":"0.1.0","start_time_seconds":"1718705611","unity_version":"2023.1.20f1","command_line_arguments":"C:\\Program Files\\Unity\\Hub\\Editor\\2023.1.20f1\\Editor\\Unity.exe","communication_protocol_version":"1.5.0","com.unity.ml-agents_version":"2.0.1","scene_name":"TitleScreen","end_time_seconds":"1718705693"}}