{"count":1,"self":1058.8686335999998,"total":1752.3950851,"children":{"InitializeActuators":{"count":10,"self":0.0009866,"total":0.0009866,"children":null},"InitializeSensors":{"count":10,"self":0.0020039999999999997,"total":0.0020039999999999997,"children":null},"AgentSendState":{"count":94965,"self":1.1374469,"total":40.0394013,"children":{"CollectObservations":{"count":189930,"self":36.8395136,"total":36.8395144,"children":null},"WriteActionMask":{"count":189930,"self":0.1681608,"total":0.1681608,"children":null},"RequestDecision":{"count":189930,"self":0.47548949999999995,"total":1.8942792,"children":{"AgentInfo.ToProto":{"count":189930,"self":0.3696543,"total":1.4187897,"children":{"GenerateSensorData":{"count":189930,"self":1.0491354,"total":1.0491354,"children":null}}}}}}},"DecideAction":{"count":94965,"self":180.44917759999998,"total":180.44917759999998,"children":null},"AgentAct":{"count":94965,"self":473.02988799999997,"total":473.0338503,"children":{"AgentInfo.ToProto":{"count":310,"self":0.0039610999999999995,"total":0.0039610999999999995,"children":{"GenerateSensorData":{"count":310,"self":0,"total":0,"children":null}}}}}},"gauges":{"NewMoveFish.CumulativeReward":{"count":310,"max":563.5187,"min":-1188.01685,"runningAverage":193.492447,"value":333.477875,"weightedAverage":263.522278}},"metadata":{"timer_format_version":"0.1.0","start_time_seconds":"1718707239","unity_version":"2023.1.20f1","command_line_arguments":"C:\\Program Files\\Unity\\Hub\\Editor\\2023.1.20f1\\Editor\\Unity.exe -projectpath C:\\Users\\Roel\\Coding\\FishGame -useHub -hubIPC -cloudEnvironment production -licensingIpc LicenseClient-Roel -hubSessionId 2800d9b2-c529-4809-a546-9c9b0f16c588 -accessToken Lp8jXBBXnKWa9Xb3WfsOAuIryjH6hYdaLebw-pQJonk008f","communication_protocol_version":"1.5.0","com.unity.ml-agents_version":"2.0.1","scene_name":"Underwater","end_time_seconds":"1718708991"}}