{"count":1,"self":24.957518399999998,"total":33.0114391,"children":{"InitializeActuators":{"count":22,"self":0.00099549999999999986,"total":0.00099549999999999986,"children":null},"InitializeSensors":{"count":22,"self":0.0009966,"total":0.0009966,"children":null},"AgentSendState":{"count":1362,"self":0.0175873,"total":0.53404699999999994,"children":{"CollectObservations":{"count":2728,"self":0.50072909999999993,"total":0.50072909999999993,"children":null},"WriteActionMask":{"count":2728,"self":0.0040031,"total":0.0040031,"children":null},"RequestDecision":{"count":2728,"self":0.0117275,"total":0.0117275,"children":null}}},"DecideAction":{"count":1362,"self":0.12994999999999998,"total":0.12994999999999998,"children":null},"AgentAct":{"count":1362,"self":7.3869352,"total":7.3869349999999994,"children":null}},"gauges":{},"metadata":{"timer_format_version":"0.1.0","start_time_seconds":"1717500964","unity_version":"2023.1.20f1","command_line_arguments":"C:\\Program Files\\Unity\\Hub\\Editor\\2023.1.20f1\\Editor\\Unity.exe -projectpath C:\\Users\\Roel\\Coding\\FishGame -useHub -hubIPC -cloudEnvironment production -licensingIpc LicenseClient-Roel -hubSessionId 97bf3c41-1fc2-4a1d-976a-c448fe5a42fe -accessToken oAWA6G03LzQH60H8C3IJ9sNTR-87p0yJ3a1GU_x38zk008f","communication_protocol_version":"1.5.0","com.unity.ml-agents_version":"2.0.1","scene_name":"Underwater","end_time_seconds":"1717500997"}}