{"count":1,"self":27.656966399999998,"total":28.662301499999998,"children":{"InitializeActuators":{"count":7,"self":0.0015178,"total":0.0015178,"children":null},"InitializeSensors":{"count":7,"self":0.0019944999999999997,"total":0.0019944999999999997,"children":null},"AgentSendState":{"count":330,"self":0.0029904,"total":0.0910742,"children":{"CollectObservations":{"count":462,"self":0.083188299999999993,"total":0.083188299999999993,"children":null},"WriteActionMask":{"count":462,"self":0.0010566,"total":0.0010566,"children":null},"RequestDecision":{"count":462,"self":0.0038388999999999997,"total":0.0038388999999999997,"children":null}}},"DecideAction":{"count":330,"self":0.0039987,"total":0.0039987,"children":null},"AgentAct":{"count":330,"self":0.90675089999999992,"total":0.90675089999999992,"children":null}},"gauges":{},"metadata":{"timer_format_version":"0.1.0","start_time_seconds":"1716994927","unity_version":"2023.1.20f1","command_line_arguments":"C:\\Program Files\\Unity\\Hub\\Editor\\2023.1.20f1\\Editor\\Unity.exe -projectpath C:\\Users\\Roel\\Coding\\FishGame -useHub -hubIPC -cloudEnvironment production -licensingIpc LicenseClient-Roel -hubSessionId 87d9b700-8aee-449e-abe5-f7439801558b -accessToken Q4W66PLHB3VYLIyyqHJc44vZDxo4r3a2h-_4WLV0i90008f","communication_protocol_version":"1.5.0","com.unity.ml-agents_version":"2.0.1","scene_name":"Underwater","end_time_seconds":"1716994956"}}