{"count":1,"self":4519.7246464,"total":6022.4934803999995,"children":{"InitializeActuators":{"count":10,"self":0.0020099,"total":0.0020099,"children":null},"InitializeSensors":{"count":10,"self":0.0020120999999999997,"total":0.0020120999999999997,"children":null},"AgentSendState":{"count":345641,"self":1.9904448,"total":5.0257542,"children":{"CollectObservations":{"count":345650,"self":0.44155649999999996,"total":0.44155649999999996,"children":null},"WriteActionMask":{"count":345650,"self":0.1900451,"total":0.1900451,"children":null},"RequestDecision":{"count":345650,"self":0.62376049999999994,"total":2.4037078,"children":{"AgentInfo.ToProto":{"count":345650,"self":0.50287189999999993,"total":1.7799473,"children":{"GenerateSensorData":{"count":345650,"self":1.2770754,"total":1.2770754,"children":null}}}}}}},"DecideAction":{"count":345641,"self":321.68343039999996,"total":321.6834318,"children":null},"AgentAct":{"count":345641,"self":1176.0444416,"total":1176.0534773,"children":{"AgentInfo.ToProto":{"count":690,"self":0.0050025,"total":0.0090044,"children":{"GenerateSensorData":{"count":690,"self":0.0040019,"total":0.0040019,"children":null}}}}}},"gauges":{"NewMoveFish.CumulativeReward":{"count":690,"max":719.441467,"min":-132.287048,"runningAverage":504.414429,"value":598.683,"weightedAverage":544.3114}},"metadata":{"timer_format_version":"0.1.0","start_time_seconds":"1718792063","unity_version":"2023.1.20f1","command_line_arguments":"C:\\Program Files\\Unity\\Hub\\Editor\\2023.1.20f1\\Editor\\Unity.exe -projectpath C:\\Users\\Roel\\Coding\\FishGame -useHub -hubIPC -cloudEnvironment production -licensingIpc LicenseClient-Roel -hubSessionId f623bc79-29b8-4370-9989-1de5ac9c6529 -accessToken 0OhOM7z0FOxp3AuL1lnWFZ_Edmg-yfjqwwXVqGGHD7c008f","communication_protocol_version":"1.5.0","com.unity.ml-agents_version":"2.0.1","scene_name":"Underwater","end_time_seconds":"1718798085"}}