{"count":1,"self":5249.2599296,"total":6026.7273411,"children":{"InitializeActuators":{"count":4,"self":0.0009996,"total":0.0009996,"children":null},"InitializeSensors":{"count":4,"self":0.0020001999999999997,"total":0.0020001999999999997,"children":null},"AgentSendState":{"count":351281,"self":2.3168143999999997,"total":24.044572499999997,"children":{"CollectObservations":{"count":140516,"self":19.978735999999998,"total":19.9787352,"children":null},"WriteActionMask":{"count":140516,"self":0.1438795,"total":0.1438795,"children":null},"RequestDecision":{"count":140516,"self":0.424311,"total":1.6051434,"children":{"AgentInfo.ToProto":{"count":140516,"self":0.3172292,"total":1.1808324,"children":{"GenerateSensorData":{"count":140516,"self":0.8636032,"total":0.8636032,"children":null}}}}}}},"DecideAction":{"count":351281,"self":272.0830464,"total":272.0830544,"children":null},"AgentAct":{"count":351281,"self":481.33176319999995,"total":481.3347687,"children":{"AgentInfo.ToProto":{"count":280,"self":0.0010048,"total":0.0030077,"children":{"GenerateSensorData":{"count":280,"self":0.0020028999999999997,"total":0.0020028999999999997,"children":null}}}}}},"gauges":{"NewMoveFish.CumulativeReward":{"count":280,"max":811.575134,"min":-755.460632,"runningAverage":457.7074,"value":619.541,"weightedAverage":542.5757}},"metadata":{"timer_format_version":"0.1.0","start_time_seconds":"1719149424","unity_version":"2023.1.20f1","command_line_arguments":"C:\\Program Files\\Unity\\Hub\\Editor\\2023.1.20f1\\Editor\\Unity.exe -projectpath C:\\Users\\Roel\\Coding\\FishGame -useHub -hubIPC -cloudEnvironment production -licensingIpc LicenseClient-Roel -hubSessionId ad39f290-ed0e-425b-9b64-d730f1b914dd -accessToken c6YMRR9bAMzWqcxNj0F03NPcLzKP0wbZp8ZjdVmTdZk008f","communication_protocol_version":"1.5.0","com.unity.ml-agents_version":"2.0.1","scene_name":"Underwater","end_time_seconds":"1719155451"}}