{"count":1,"self":31.446438399999998,"total":32.3527832,"children":{"InitializeActuators":{"count":1,"self":0.00099739999999999985,"total":0.00099739999999999985,"children":null},"InitializeSensors":{"count":1,"self":0.0019933999999999998,"total":0.0019933999999999998,"children":null},"AgentSendState":{"count":1368,"self":0.0065103999999999995,"total":0.1004094,"children":{"CollectObservations":{"count":274,"self":0.091901,"total":0.091901,"children":null},"WriteActionMask":{"count":274,"self":0,"total":0,"children":null},"RequestDecision":{"count":274,"self":0.0019979999999999998,"total":0.0019979999999999998,"children":null}}},"DecideAction":{"count":1368,"self":0.0035621999999999997,"total":0.0035621999999999997,"children":null},"AgentAct":{"count":1368,"self":0.79838159999999991,"total":0.79838159999999991,"children":null}},"gauges":{},"metadata":{"timer_format_version":"0.1.0","start_time_seconds":"1716993199","unity_version":"2023.1.20f1","command_line_arguments":"C:\\Program Files\\Unity\\Hub\\Editor\\2023.1.20f1\\Editor\\Unity.exe -projectpath C:\\Users\\Roel\\Coding\\FishGame -useHub -hubIPC -cloudEnvironment production -licensingIpc LicenseClient-Roel -hubSessionId 87d9b700-8aee-449e-abe5-f7439801558b -accessToken Q4W66PLHB3VYLIyyqHJc44vZDxo4r3a2h-_4WLV0i90008f","communication_protocol_version":"1.5.0","com.unity.ml-agents_version":"2.0.1","scene_name":"Underwater","end_time_seconds":"1716993232"}}