{
    "name": "root",
    "gauges": {
        "NewMoveFish.Policy.Entropy.mean": {
            "value": 0.5948014259338379,
            "min": 0.5948014259338379,
            "max": 0.757890522480011,
            "count": 2
        },
        "NewMoveFish.Policy.Entropy.sum": {
            "value": 29573.52734375,
            "min": 27109.744140625,
            "max": 29573.52734375,
            "count": 2
        },
        "NewMoveFish.Step.mean": {
            "value": 199986.0,
            "min": 149972.0,
            "max": 199986.0,
            "count": 2
        },
        "NewMoveFish.Step.sum": {
            "value": 199986.0,
            "min": 149972.0,
            "max": 199986.0,
            "count": 2
        },
        "NewMoveFish.Policy.ExtrinsicValueEstimate.mean": {
            "value": 159.989013671875,
            "min": 144.26065063476562,
            "max": 159.989013671875,
            "count": 2
        },
        "NewMoveFish.Policy.ExtrinsicValueEstimate.sum": {
            "value": 159989.015625,
            "min": 101415.2421875,
            "max": 159989.015625,
            "count": 2
        },
        "NewMoveFish.Environment.EpisodeLength.mean": {
            "value": 149.0,
            "min": 149.0,
            "max": 149.0,
            "count": 2
        },
        "NewMoveFish.Environment.EpisodeLength.sum": {
            "value": 49766.0,
            "min": 34270.0,
            "max": 49766.0,
            "count": 2
        },
        "NewMoveFish.Environment.CumulativeReward.mean": {
            "value": 275.3553603712145,
            "min": 268.2246479977732,
            "max": 275.3553603712145,
            "count": 2
        },
        "NewMoveFish.Environment.CumulativeReward.sum": {
            "value": 91693.33500361443,
            "min": 61691.66903948784,
            "max": 91693.33500361443,
            "count": 2
        },
        "NewMoveFish.Policy.ExtrinsicReward.mean": {
            "value": 275.3553603712145,
            "min": 268.2246479977732,
            "max": 275.3553603712145,
            "count": 2
        },
        "NewMoveFish.Policy.ExtrinsicReward.sum": {
            "value": 91693.33500361443,
            "min": 61691.66903948784,
            "max": 91693.33500361443,
            "count": 2
        },
        "NewMoveFish.Losses.PolicyLoss.mean": {
            "value": 0.022042714045383036,
            "min": 0.02153893108479679,
            "max": 0.022042714045383036,
            "count": 2
        },
        "NewMoveFish.Losses.PolicyLoss.sum": {
            "value": 0.11021357022691518,
            "min": 0.06461679325439036,
            "max": 0.11021357022691518,
            "count": 2
        },
        "NewMoveFish.Losses.ValueLoss.mean": {
            "value": 98.01978754679362,
            "min": 98.01978754679362,
            "max": 115.46460333930122,
            "count": 2
        },
        "NewMoveFish.Losses.ValueLoss.sum": {
            "value": 490.0989377339681,
            "min": 346.39381001790366,
            "max": 490.0989377339681,
            "count": 2
        },
        "NewMoveFish.Policy.LearningRate.mean": {
            "value": 0.00019430739523088,
            "min": 0.00019430739523088,
            "max": 0.00021890162703280008,
            "count": 2
        },
        "NewMoveFish.Policy.LearningRate.sum": {
            "value": 0.0009715369761544,
            "min": 0.0006567048810984002,
            "max": 0.0009715369761544,
            "count": 2
        },
        "NewMoveFish.Policy.Epsilon.mean": {
            "value": 0.16476911999999996,
            "min": 0.16476911999999996,
            "max": 0.17296720000000002,
            "count": 2
        },
        "NewMoveFish.Policy.Epsilon.sum": {
            "value": 0.8238455999999998,
            "min": 0.5189016000000001,
            "max": 0.8238455999999998,
            "count": 2
        },
        "NewMoveFish.Policy.Beta.mean": {
            "value": 0.003241979088,
            "min": 0.003241979088,
            "max": 0.0036510632800000006,
            "count": 2
        },
        "NewMoveFish.Policy.Beta.sum": {
            "value": 0.01620989544,
            "min": 0.010953189840000002,
            "max": 0.01620989544,
            "count": 2
        },
        "NewMoveFish.IsTraining.mean": {
            "value": 1.0,
            "min": 1.0,
            "max": 1.0,
            "count": 2
        },
        "NewMoveFish.IsTraining.sum": {
            "value": 1.0,
            "min": 1.0,
            "max": 1.0,
            "count": 2
        }
    },
    "metadata": {
        "timer_format_version": "0.1.0",
        "start_time_seconds": "1718783973",
        "python_version": "3.7.9 (tags/v3.7.9:13c94747c7, Aug 17 2020, 18:58:18) [MSC v.1900 64 bit (AMD64)]",
        "command_line_arguments": "C:\\Users\\Roel\\Coding\\FishGame\\venv\\Scripts\\mlagents-learn --run-id=swim2 --resume",
        "mlagents_version": "0.29.0",
        "mlagents_envs_version": "0.29.0",
        "communication_protocol_version": "1.5.0",
        "pytorch_version": "1.7.0+cu110",
        "numpy_version": "1.21.2",
        "end_time_seconds": "1718788650"
    },
    "total": 4676.4243036,
    "count": 1,
    "self": 0.007931899998766312,
    "children": {
        "run_training.setup": {
            "total": 0.1396418000000006,
            "count": 1,
            "self": 0.1396418000000006
        },
        "TrainerController.start_learning": {
            "total": 4676.276729900001,
            "count": 1,
            "self": 0.26828469997508364,
            "children": {
                "TrainerController._reset_env": {
                    "total": 14.346989400000002,
                    "count": 1,
                    "self": 14.346989400000002
                },
                "TrainerController.advance": {
                    "total": 4661.302265500025,
                    "count": 13861,
                    "self": 0.256337000010717,
                    "children": {
                        "env_step": {
                            "total": 4629.126147499994,
                            "count": 13861,
                            "self": 4573.158289499981,
                            "children": {
                                "SubprocessEnvManager._take_step": {
                                    "total": 55.79804950000393,
                                    "count": 13861,
                                    "self": 0.7578236000171046,
                                    "children": {
                                        "TorchPolicy.evaluate": {
                                            "total": 55.04022589998682,
                                            "count": 13165,
                                            "self": 20.28349369995641,
                                            "children": {
                                                "TorchPolicy.sample_actions": {
                                                    "total": 34.75673220003041,
                                                    "count": 13165,
                                                    "self": 34.75673220003041
                                                }
                                            }
                                        }
                                    }
                                },
                                "workers": {
                                    "total": 0.16980850000897263,
                                    "count": 13860,
                                    "self": 0.0,
                                    "children": {
                                        "worker_root": {
                                            "total": 4663.040294199998,
                                            "count": 13860,
                                            "is_parallel": true,
                                            "self": 105.41591960000096,