{
    "name": "root",
    "gauges": {
        "MoveFish.Policy.Entropy.mean": {
            "value": 1.4108145236968994,
            "min": 1.4108145236968994,
            "max": 1.422042727470398,
            "count": 3
        },
        "MoveFish.Policy.Entropy.sum": {
            "value": 70173.9140625,
            "min": 70173.9140625,
            "max": 71746.3203125,
            "count": 3
        },
        "MoveFish.Step.mean": {
            "value": 149976.0,
            "min": 49984.0,
            "max": 149976.0,
            "count": 3
        },
        "MoveFish.Step.sum": {
            "value": 149976.0,
            "min": 49984.0,
            "max": 149976.0,
            "count": 3
        },
        "MoveFish.Policy.ExtrinsicValueEstimate.mean": {
            "value": 43.40121841430664,
            "min": 38.276832580566406,
            "max": 43.40121841430664,
            "count": 3
        },
        "MoveFish.Policy.ExtrinsicValueEstimate.sum": {
            "value": 36326.8203125,
            "min": 31808.046875,
            "max": 36326.8203125,
            "count": 3
        },
        "MoveFish.Environment.EpisodeLength.mean": {
            "value": 599.0,
            "min": 599.0,
            "max": 599.0,
            "count": 3
        },
        "MoveFish.Environment.EpisodeLength.sum": {
            "value": 53910.0,
            "min": 47920.0,
            "max": 53910.0,
            "count": 3
        },
        "MoveFish.Environment.CumulativeReward.mean": {
            "value": 258.12438865859855,
            "min": 250.7115702331066,
            "max": 265.12624870836737,
            "count": 3
        },
        "MoveFish.Environment.CumulativeReward.sum": {
            "value": 22973.070590615273,
            "min": 20056.92561864853,
            "max": 22973.070590615273,
            "count": 3
        },
        "MoveFish.Policy.ExtrinsicReward.mean": {
            "value": 258.12438865859855,
            "min": 250.7115702331066,
            "max": 265.12624870836737,
            "count": 3
        },
        "MoveFish.Policy.ExtrinsicReward.sum": {
            "value": 22973.070590615273,
            "min": 20056.92561864853,
            "max": 22973.070590615273,
            "count": 3
        },
        "MoveFish.Losses.PolicyLoss.mean": {
            "value": 0.025440434473566708,
            "min": 0.022292731112490097,
            "max": 0.031158174485123404,
            "count": 3
        },
        "MoveFish.Losses.PolicyLoss.sum": {
            "value": 0.12720217236783354,
            "min": 0.11146365556245048,
            "max": 0.12720217236783354,
            "count": 3
        },
        "MoveFish.Losses.ValueLoss.mean": {
            "value": 55.98079406738282,
            "min": 54.21044435501098,
            "max": 61.01310620625814,
            "count": 3
        },
        "MoveFish.Losses.ValueLoss.sum": {
            "value": 279.9039703369141,
            "min": 216.8417774200439,
            "max": 305.06553103129073,
            "count": 3
        },
        "MoveFish.Policy.LearningRate.mean": {
            "value": 0.00022600706466432006,
            "min": 0.00022600706466432006,
            "max": 0.0002845800051399999,
            "count": 3
        },
        "MoveFish.Policy.LearningRate.sum": {
            "value": 0.0011300353233216003,
            "min": 0.0011300353233216003,
            "max": 0.0012841776719408,
            "count": 3
        },
        "MoveFish.Policy.Epsilon.mean": {
            "value": 0.17533568,
            "min": 0.17533568,
            "max": 0.19485999999999998,
            "count": 3
        },
        "MoveFish.Policy.Epsilon.sum": {
            "value": 0.8766784,
            "min": 0.7794399999999999,
            "max": 0.9280592000000001,
            "count": 3
        },
        "MoveFish.Policy.Beta.mean": {
            "value": 0.003769250432,
            "min": 0.003769250432,
            "max": 0.004743513999999999,
            "count": 3
        },
        "MoveFish.Policy.Beta.sum": {
            "value": 0.01884625216,
            "min": 0.01884625216,
            "max": 0.02141015408,
            "count": 3
        },
        "MoveFish.IsTraining.mean": {
            "value": 1.0,
            "min": 1.0,
            "max": 1.0,
            "count": 3
        },
        "MoveFish.IsTraining.sum": {
            "value": 1.0,
            "min": 1.0,
            "max": 1.0,
            "count": 3
        }
    },
    "metadata": {
        "timer_format_version": "0.1.0",
        "start_time_seconds": "1718286558",
        "python_version": "3.7.9 (tags/v3.7.9:13c94747c7, Aug 17 2020, 18:58:18) [MSC v.1900 64 bit (AMD64)]",
        "command_line_arguments": "C:\\Users\\Roel\\Coding\\FishGame\\venv\\Scripts\\mlagents-learn --run-id=swim2",
        "mlagents_version": "0.29.0",
        "mlagents_envs_version": "0.29.0",
        "communication_protocol_version": "1.5.0",
        "pytorch_version": "1.7.0+cu110",
        "numpy_version": "1.21.2",
        "end_time_seconds": "1718288178"
    },
    "total": 1620.5197729,
    "count": 1,
    "self": 0.009087399999998524,
    "children": {
        "run_training.setup": {
            "total": 0.09581099999999998,
            "count": 1,
            "self": 0.09581099999999998
        },
        "TrainerController.start_learning": {
            "total": 1620.4148745,
            "count": 1,
            "self": 0.3060423999907016,
            "children": {
                "TrainerController._reset_env": {
                    "total": 16.6603707,
                    "count": 1,
                    "self": 16.6603707
                },
                "TrainerController.advance": {
                    "total": 1603.4367404000093,
                    "count": 15604,
                    "self": 0.29749270001161676,
                    "children": {
                        "env_step": {
                            "total": 1570.4360381000015,
                            "count": 15604,
                            "self": 1529.5754535000206,
                            "children": {
                                "SubprocessEnvManager._take_step": {
                                    "total": 40.664807199989056,
                                    "count": 15604,
                                    "self": 0.9973050999826469,
                                    "children": {
                                        "TorchPolicy.evaluate": {
                                            "total": 39.66750210000641,
                                            "count": 15429,
                                            "self": 24.191395800003214,
                                            "children": {
                                                "TorchPolicy.sample_actions": {
                                                    "total": 15.476106300003195,
                                                    "count": 15429,
                                                    "self": 15.476106300003195
                                                }
                                            }
                                        }
                                    }
                                },
                                "workers": {
                                    "total": 0.19577739999188637,
                                    "count": 15603,
                                    "self": 0.0,
                                    "children": {
                                        "worker_root": {
                                            "total": 1587.146124000004,
                                            "count": 15603,
                                            "is_parallel": true,
                                            "self": 92.45941720000951,