{
    "name": "root",
    "metadata": {
        "timer_format_version": "0.1.0",
        "start_time_seconds": "1718703928",
        "python_version": "3.7.9 (tags/v3.7.9:13c94747c7, Aug 17 2020, 18:58:18) [MSC v.1900 64 bit (AMD64)]",
        "command_line_arguments": "C:\\Users\\Roel\\Coding\\FishGame\\venv\\Scripts\\mlagents-learn --run-id=newFish1 --force",
        "mlagents_version": "0.29.0",
        "mlagents_envs_version": "0.29.0",
        "communication_protocol_version": "1.5.0",
        "pytorch_version": "1.7.0+cu110",
        "numpy_version": "1.21.2",
        "end_time_seconds": "1718704118"
    },
    "total": 189.6385049,
    "count": 1,
    "self": 0.004983699999996816,
    "children": {
        "run_training.setup": {
            "total": 0.1509794000000001,
            "count": 1,
            "self": 0.1509794000000001
        },
        "TrainerController.start_learning": {
            "total": 189.48254179999998,
            "count": 1,
            "self": 0.022232599999910008,
            "children": {
                "TrainerController._reset_env": {
                    "total": 12.3483725,
                    "count": 1,
                    "self": 12.3483725
                },
                "TrainerController.advance": {
                    "total": 177.00741570000005,
                    "count": 1205,
                    "self": 0.020308899999974983,
                    "children": {
                        "env_step": {
                            "total": 176.8505892999999,
                            "count": 1205,
                            "self": 171.34463189999985,
                            "children": {
                                "SubprocessEnvManager._take_step": {
                                    "total": 5.492308900000102,
                                    "count": 1205,
                                    "self": 0.06767320000037103,
                                    "children": {
                                        "TorchPolicy.evaluate": {
                                            "total": 5.424635699999731,
                                            "count": 1205,
                                            "self": 1.8326634999996845,
                                            "children": {
                                                "TorchPolicy.sample_actions": {
                                                    "total": 3.591972200000047,
                                                    "count": 1205,
                                                    "self": 3.591972200000047
                                                }
                                            }
                                        }
                                    }
                                },
                                "workers": {
                                    "total": 0.013648499999943553,
                                    "count": 1204,
                                    "self": 0.0,
                                    "children": {
                                        "worker_root": {
                                            "total": 116.8091531999998,
                                            "count": 1204,
                                            "is_parallel": true,
                                            "self": 7.674715599999942,
                                            "children": {
                                                "steps_from_proto": {
                                                    "total": 0.0003875999999998214,
                                                    "count": 1,
                                                    "is_parallel": true,
                                                    "self": 0.00019959999999841216,
                                                    "children": {
                                                        "_process_rank_one_or_two_observation": {
                                                            "total": 0.00018800000000140926,
                                                            "count": 2,
                                                            "is_parallel": true,
                                                            "self": 0.00018800000000140926
                                                        }
                                                    }
                                                },
                                                "UnityEnvironment.step": {
                                                    "total": 109.13404999999986,
                                                    "count": 1204,
                                                    "is_parallel": true,
                                                    "self": 0.09437810000007119,
                                                    "children": {
                                                        "UnityEnvironment._generate_step_input": {
                                                            "total": 0.07871260000006508,
                                                            "count": 1204,
                                                            "is_parallel": true,
                                                            "self": 0.07871260000006508
                                                        },
                                                        "communicator.exchange": {
                                                            "total": 108.65094609999984,
                                                            "count": 1204,
                                                            "is_parallel": true,
                                                            "self": 108.65094609999984
                                                        },
                                                        "steps_from_proto": {
                                                            "total": 0.31001319999989185,
                                                            "count": 1204,
                                                            "is_parallel": true,
                                                            "self": 0.18590739999996586,
                                                            "children": {
                                                                "_process_rank_one_or_two_observation": {
                                                                    "total": 0.12410579999992599,
                                                                    "count": 2408,
                                                                    "is_parallel": true,
                                                                    "self": 0.12410579999992599
                                                                }
                                                            }
                                                        }
                                                    }
                                                }
                                            }
                                        }
                                    }
                                }
                            }
                        },
                        "trainer_advance": {
                            "total": 0.1365175000001564,
                            "count": 1204,
                            "self": 0.029195699999970515,
                            "children": {
                                "process_trajectory": {
                                    "total": 0.10732180000018587,
                                    "count": 1204,
                                    "self": 0.10732180000018587
                                }
                            }
                        }
                    }
                },