{
    "name": "root",
    "gauges": {
        "NewMoveFish.Policy.Entropy.mean": {
            "value": 0.7375002503395081,
            "min": 0.7375002503395081,
            "max": 0.8737973570823669,
            "count": 4
        },
        "NewMoveFish.Policy.Entropy.sum": {
            "value": 36816.01171875,
            "min": 35371.31640625,
            "max": 42893.16796875,
            "count": 4
        },
        "NewMoveFish.Step.mean": {
            "value": 199936.0,
            "min": 49936.0,
            "max": 199936.0,
            "count": 4
        },
        "NewMoveFish.Step.sum": {
            "value": 199936.0,
            "min": 49936.0,
            "max": 199936.0,
            "count": 4
        },
        "NewMoveFish.Policy.ExtrinsicValueEstimate.mean": {
            "value": 39.0901985168457,
            "min": 33.05580520629883,
            "max": 39.0901985168457,
            "count": 4
        },
        "NewMoveFish.Policy.ExtrinsicValueEstimate.sum": {
            "value": 32483.955078125,
            "min": 21949.0546875,
            "max": 32483.955078125,
            "count": 4
        },
        "NewMoveFish.Environment.EpisodeLength.mean": {
            "value": 599.0,
            "min": 599.0,
            "max": 599.0,
            "count": 4
        },
        "NewMoveFish.Environment.EpisodeLength.sum": {
            "value": 47920.0,
            "min": 35940.0,
            "max": 53910.0,
            "count": 4
        },
        "NewMoveFish.Environment.CumulativeReward.mean": {
            "value": 259.72020780518653,
            "min": 226.42588710784912,
            "max": 259.72020780518653,
            "count": 4
        },
        "NewMoveFish.Environment.CumulativeReward.sum": {
            "value": 20777.61662441492,
            "min": 14190.284571409225,
            "max": 20777.61662441492,
            "count": 4
        },
        "NewMoveFish.Policy.ExtrinsicReward.mean": {
            "value": 259.72020780518653,
            "min": 226.42588710784912,
            "max": 259.72020780518653,
            "count": 4
        },
        "NewMoveFish.Policy.ExtrinsicReward.sum": {
            "value": 20777.61662441492,
            "min": 14190.284571409225,
            "max": 20777.61662441492,
            "count": 4
        },
        "NewMoveFish.Losses.PolicyLoss.mean": {
            "value": 0.024668286729138345,
            "min": 0.02355982839750747,
            "max": 0.02580154642669691,
            "count": 4
        },
        "NewMoveFish.Losses.PolicyLoss.sum": {
            "value": 0.09867314691655338,
            "min": 0.07740463928009073,
            "max": 0.1229986544465646,
            "count": 4
        },
        "NewMoveFish.Losses.ValueLoss.mean": {
            "value": 40.90597998301188,
            "min": 40.90597998301188,
            "max": 74.19239561292859,
            "count": 4
        },
        "NewMoveFish.Losses.ValueLoss.sum": {
            "value": 163.62391993204753,
            "min": 163.62391993204753,
            "max": 333.55626678466797,
            "count": 4
        },
        "NewMoveFish.Policy.LearningRate.mean": {
            "value": 0.00019497603500799997,
            "min": 0.00019497603500799997,
            "max": 0.00028137600620799995,
            "count": 4
        },
        "NewMoveFish.Policy.LearningRate.sum": {
            "value": 0.0007799041400319999,
            "min": 0.0007799041400319999,
            "max": 0.0012788160737280002,
            "count": 4
        },
        "NewMoveFish.Policy.Epsilon.mean": {
            "value": 0.164992,
            "min": 0.164992,
            "max": 0.193792,
            "count": 4
        },
        "NewMoveFish.Policy.Epsilon.sum": {
            "value": 0.659968,
            "min": 0.581376,
            "max": 0.926272,
            "count": 4
        },
        "NewMoveFish.Policy.Beta.mean": {
            "value": 0.003253100800000001,
            "min": 0.003253100800000001,
            "max": 0.0046902208,
            "count": 4
        },
        "NewMoveFish.Policy.Beta.sum": {
            "value": 0.013012403200000003,
            "min": 0.013012403200000003,
            "max": 0.021320972799999997,
            "count": 4
        },
        "NewMoveFish.IsTraining.mean": {
            "value": 1.0,
            "min": 1.0,
            "max": 1.0,
            "count": 4
        },
        "NewMoveFish.IsTraining.sum": {
            "value": 1.0,
            "min": 1.0,
            "max": 1.0,
            "count": 4
        }
    },
    "metadata": {
        "timer_format_version": "0.1.0",
        "start_time_seconds": "1718710562",
        "python_version": "3.7.9 (tags/v3.7.9:13c94747c7, Aug 17 2020, 18:58:18) [MSC v.1900 64 bit (AMD64)]",
        "command_line_arguments": "C:\\Users\\Roel\\Coding\\FishGame\\venv\\Scripts\\mlagents-learn --run-id=newFish1 --resume",
        "mlagents_version": "0.29.0",
        "mlagents_envs_version": "0.29.0",
        "communication_protocol_version": "1.5.0",
        "pytorch_version": "1.7.0+cu110",
        "numpy_version": "1.21.2",
        "end_time_seconds": "1718712566"
    },
    "total": 2003.8732817999999,
    "count": 1,
    "self": 0.011249499999848922,
    "children": {
        "run_training.setup": {
            "total": 0.06356200000000001,
            "count": 1,
            "self": 0.06356200000000001
        },
        "TrainerController.start_learning": {
            "total": 2003.7984703,
            "count": 1,
            "self": 0.3474751999938235,
            "children": {
                "TrainerController._reset_env": {
                    "total": 6.4900869,
                    "count": 1,
                    "self": 6.4900869
                },
                "TrainerController.advance": {
                    "total": 1996.939381900006,
                    "count": 19049,
                    "self": 0.35661079999931644,
                    "children": {
                        "env_step": {
                            "total": 1904.7946404999989,
                            "count": 19049,
                            "self": 1827.030827799992,
                            "children": {
                                "SubprocessEnvManager._take_step": {
                                    "total": 77.52812580000563,
                                    "count": 19049,
                                    "self": 1.0823900999936313,
                                    "children": {
                                        "TorchPolicy.evaluate": {
                                            "total": 76.445735700012,
                                            "count": 19049,
                                            "self": 27.01509780000137,
                                            "children": {
                                                "TorchPolicy.sample_actions": {
                                                    "total": 49.43063790001062,
                                                    "count": 19049,
                                                    "self": 49.43063790001062
                                                }
                                            }
                                        }
                                    }
                                },
                                "workers": {
                                    "total": 0.23568690000117165,
                                    "count": 19048,
                                    "self": 0.0,
                                    "children": {
                                        "worker_root": {
                                            "total": 1936.9573345999934,
                                            "count": 19048,
                                            "is_parallel": true,
                                            "self": 140.04293119997874,