{
    "name": "root",
    "gauges": {
        "NewMoveFish.Policy.Entropy.mean": {
            "value": 0.8300098776817322,
            "min": 0.8300098776817322,
            "max": 0.9681186079978943,
            "count": 3
        },
        "NewMoveFish.Policy.Entropy.sum": {
            "value": 41434.09375,
            "min": 39189.44140625,
            "max": 45624.8671875,
            "count": 3
        },
        "NewMoveFish.Step.mean": {
            "value": 149952.0,
            "min": 49936.0,
            "max": 149952.0,
            "count": 3
        },
        "NewMoveFish.Step.sum": {
            "value": 149952.0,
            "min": 49936.0,
            "max": 149952.0,
            "count": 3
        },
        "NewMoveFish.Policy.ExtrinsicValueEstimate.mean": {
            "value": 33.09541702270508,
            "min": 28.9117488861084,
            "max": 33.09541702270508,
            "count": 3
        },
        "NewMoveFish.Policy.ExtrinsicValueEstimate.sum": {
            "value": 27502.29296875,
            "min": 20703.08984375,
            "max": 27502.29296875,
            "count": 3
        },
        "NewMoveFish.Environment.EpisodeLength.mean": {
            "value": 599.0,
            "min": 599.0,
            "max": 599.0,
            "count": 3
        },
        "NewMoveFish.Environment.EpisodeLength.sum": {
            "value": 47920.0,
            "min": 35940.0,
            "max": 53910.0,
            "count": 3
        },
        "NewMoveFish.Environment.CumulativeReward.mean": {
            "value": 217.217908770591,
            "min": 137.97194961508114,
            "max": 217.217908770591,
            "count": 3
        },
        "NewMoveFish.Environment.CumulativeReward.sum": {
            "value": 17377.43270164728,
            "min": 9855.264236867428,
            "max": 17377.43270164728,
            "count": 3
        },
        "NewMoveFish.Policy.ExtrinsicReward.mean": {
            "value": 217.217908770591,
            "min": 137.97194961508114,
            "max": 217.217908770591,
            "count": 3
        },
        "NewMoveFish.Policy.ExtrinsicReward.sum": {
            "value": 17377.43270164728,
            "min": 9855.264236867428,
            "max": 17377.43270164728,
            "count": 3
        },
        "NewMoveFish.Losses.PolicyLoss.mean": {
            "value": 0.02582725918541352,
            "min": 0.021350287558096977,
            "max": 0.02582725918541352,
            "count": 3
        },
        "NewMoveFish.Losses.PolicyLoss.sum": {
            "value": 0.1291362959270676,
            "min": 0.06405086267429093,
            "max": 0.1291362959270676,
            "count": 3
        },
        "NewMoveFish.Losses.ValueLoss.mean": {
            "value": 62.87808825174968,
            "min": 62.87808825174968,
            "max": 109.8780504014757,
            "count": 3
        },
        "NewMoveFish.Losses.ValueLoss.sum": {
            "value": 314.3904412587484,
            "min": 314.3904412587484,
            "max": 492.7682739257812,
            "count": 3
        },
        "NewMoveFish.Policy.LearningRate.mean": {
            "value": 0.00022377602540799997,
            "min": 0.00022377602540799997,
            "max": 0.00028137600620799995,
            "count": 3
        },
        "NewMoveFish.Policy.LearningRate.sum": {
            "value": 0.0011188801270399999,
            "min": 0.0008441280186239999,
            "max": 0.0012788160737280002,
            "count": 3
        },
        "NewMoveFish.Policy.Epsilon.mean": {
            "value": 0.174592,
            "min": 0.174592,
            "max": 0.193792,
            "count": 3
        },
        "NewMoveFish.Policy.Epsilon.sum": {
            "value": 0.87296,
            "min": 0.581376,
            "max": 0.926272,
            "count": 3
        },
        "NewMoveFish.Policy.Beta.mean": {
            "value": 0.0037321408000000013,
            "min": 0.0037321408000000013,
            "max": 0.0046902208,
            "count": 3
        },
        "NewMoveFish.Policy.Beta.sum": {
            "value": 0.018660704000000007,
            "min": 0.014070662400000001,
            "max": 0.021320972799999997,
            "count": 3
        },
        "NewMoveFish.IsTraining.mean": {
            "value": 1.0,
            "min": 1.0,
            "max": 1.0,
            "count": 3
        },
        "NewMoveFish.IsTraining.sum": {
            "value": 1.0,
            "min": 1.0,
            "max": 1.0,
            "count": 3
        }
    },
    "metadata": {
        "timer_format_version": "0.1.0",
        "start_time_seconds": "1718707234",
        "python_version": "3.7.9 (tags/v3.7.9:13c94747c7, Aug 17 2020, 18:58:18) [MSC v.1900 64 bit (AMD64)]",
        "command_line_arguments": "C:\\Users\\Roel\\Coding\\FishGame\\venv\\Scripts\\mlagents-learn --run-id=newFish1 --resume",
        "mlagents_version": "0.29.0",
        "mlagents_envs_version": "0.29.0",
        "communication_protocol_version": "1.5.0",
        "pytorch_version": "1.7.0+cu110",
        "numpy_version": "1.21.2",
        "end_time_seconds": "1718708994"
    },
    "total": 1760.2404451999998,
    "count": 1,
    "self": 0.009584599999925558,
    "children": {
        "run_training.setup": {
            "total": 0.07192700000000007,
            "count": 1,
            "self": 0.07192700000000007
        },
        "TrainerController.start_learning": {
            "total": 1760.1589336,
            "count": 1,
            "self": 0.3292826000028981,
            "children": {
                "TrainerController._reset_env": {
                    "total": 7.839669099999999,
                    "count": 1,
                    "self": 7.839669099999999
                },
                "TrainerController.advance": {
                    "total": 1751.989980899997,
                    "count": 18993,
                    "self": 0.33700180002165325,
                    "children": {
                        "env_step": {
                            "total": 1711.2456129999787,
                            "count": 18993,
                            "self": 1631.8554452999838,
                            "children": {
                                "SubprocessEnvManager._take_step": {
                                    "total": 79.1531993000008,
                                    "count": 18993,
                                    "self": 1.0795805999890007,
                                    "children": {
                                        "TorchPolicy.evaluate": {
                                            "total": 78.07361870001179,
                                            "count": 18993,
                                            "self": 26.11020690001228,
                                            "children": {
                                                "TorchPolicy.sample_actions": {
                                                    "total": 51.96341179999951,
                                                    "count": 18993,
                                                    "self": 51.96341179999951
                                                }
                                            }
                                        }
                                    }
                                },
                                "workers": {
                                    "total": 0.23696839999413655,
                                    "count": 18992,
                                    "self": 0.0,
                                    "children": {
                                        "worker_root": {
                                            "total": 1750.8610477999941,
                                            "count": 18992,
                                            "is_parallel": true,
                                            "self": 142.7561769999911,